secucode,count
sz002504,0
sh600713,0
sh600343,0
sh600345,0
sz000902,0
sz000903,0
sz000900,0
sz000901,0
sz000906,0
sz000983,0
sz000905,0
sh601628,0
sz000908,0
sz000909,0
sh600335,0
sh600990,0
sh600337,0
sh600336,0
sh600331,0
sh600330,0
sz002238,0
sh600332,0
sz002236,0
sz002237,0
sz002234,0
sz002235,0
sh600339,0
sz002233,0
sz002230,0
sz002231,0
sz000698,0
sz000699,0
sh600519,0
sh600518,0
sz000692,0
sz000693,0
sz000690,0
sh600516,0
sh600511,0
sh600510,0
sh600513,0
sz000695,0
sz002838,0
sz002839,0
sz002830,0
sz002831,0
sz002832,0
sz002833,0
sz002835,0
sz002836,0
sz002837,0
sh600199,0
sh600198,0
sh600191,0
sh600190,0
sh600193,0
sh600192,0
sh600195,0
sh600197,0
sh600196,0
sh600429,0
sh600428,0
sh601111,0
sh601116,0
sh601117,0
sh600421,0
sh600420,0
sh600423,0
sh600422,0
sh600425,0
sh600426,0
sh600601,0
sh600600,0
sh600603,0
sh600602,0
sh600605,0
sh600604,0
sh600607,0
sh600606,0
sh600609,0
sh600608,0
sz000878,0
sz000876,0
sz000877,0
sz000875,0
sz000058,0
sh601801,0
sz000055,0
sz000056,0
sz000050,0
sz000558,0
sz300132,0
sz300133,0
sz300130,0
sz300131,0
sz300136,0
sz300137,0
sz300134,0
sz300135,0
sz300138,0
sz300139,0
sz001896,0
sz000803,0
sz000802,0
sz000985,0
sz000801,0
sz000556,0
sz000807,0
sz000806,0
sz000553,0
sz300006,0
sz300007,0
sz300004,0
sz300005,0
sz300002,0
sz300003,0
sz300001,0
sz000301,0
sz300008,0
sz300009,0
sh603648,0
sh600993,0
sh600992,0
sh603239,0
sz002434,0
sh600995,0
sh600239,0
sz002643,0
sh600333,0
sz002642,0
sz002239,0
sz002317,0
sh600999,0
sz300318,0
sz300319,0
sz002435,0
sh600998,0
sz300312,0
sz300313,0
sz300310,0
sz300311,0
sz300316,0
sz300317,0
sz300314,0
sz002646,0
sh600237,0
sz002313,0
sz002232,0
sz002312,0
sh600338,0
sz002649,0
sh603683,0
sz000753,0
sz002648,0
sz000752,0
sz002319,0
sz000751,0
sz002318,0
sz002755,0
sz002757,0
sz002756,0
sz002751,0
sz002750,0
sz002753,0
sz002752,0
sh603507,0
sz000757,0
sh603505,0
sz002759,0
sz002758,0
sh603501,0
sh600693,0
sz300148,0
sz000755,0
sz300268,0
sz300269,0
sz300266,0
sz300267,0
sz300264,0
sz300265,0
sz300262,0
sz300263,0
sz300260,0
sz300261,0
sh600515,0
sh600517,0
sh601186,0
sz002116,0
sz000697,0
sz002056,0
sh600512,0
sz002359,0
sz002358,0
sh600807,0
sz002351,0
sz002350,0
sz002353,0
sz002352,0
sz002355,0
sz002354,0
sz002357,0
sz002356,0
sz002687,0
sz002686,0
sz002685,0
sz002684,0
sz002683,0
sz002682,0
sz002681,0
sz002680,0
sz002527,0
sz002689,0
sz002688,0
sz002406,0
sz300659,0
sz300658,0
sz300657,0
sz300656,0
sz300655,0
sz300654,0
sz300653,0
sz300652,0
sz300651,0
sz300650,0
sh600850,0
sh603238,0
sh600852,0
sh600853,0
sz002539,0
sz002538,0
sh600856,0
sh600857,0
sz002535,0
sz002534,0
sz002537,0
sz002536,0
sz002531,0
sz002530,0
sz002533,0
sz002532,0
sh603727,0
sh603726,0
sh603725,0
sh603722,0
sh603721,0
sh603729,0
sh603728,0
sh600298,0
sh600299,0
sh600292,0
sh600293,0
sh600290,0
sh600291,0
sh600296,0
sh600297,0
sz000760,0
sh600295,0
sz000915,0
sz000917,0
sz000916,0
sz000911,0
sz000910,0
sz000913,0
sz000912,0
sz000919,0
sz000918,0
sz002571,0
sz002221,0
sz002220,0
sz002223,0
sz002222,0
sz002225,0
sz002224,0
sz002227,0
sz002226,0
sz002229,0
sz002228,0
sh603656,0
sz000689,0
sz000688,0
sh600078,0
sh600079,0
sz000685,0
sh600077,0
sz000687,0
sz000686,0
sz000681,0
sh600073,0
sz000683,0
sz000682,0
sh600814,0
sz002829,0
sz002828,0
sz300450,0
sz002823,0
sz002822,0
sz002821,0
sz002820,0
sz002827,0
sz300453,0
sz002825,0
sz002824,0
sz300452,0
sh601113,0
sh600810,0
sh601107,0
sh601106,0
sh600458,0
sh600459,0
sh600455,0
sh600456,0
sz300456,0
sh601108,0
sh600452,0
sz000998,0
sh600584,0
sz000628,0
sh600674,0
sz000627,0
sh600676,0
sh600677,0
sh600670,0
sh600671,0
sh600672,0
sh600673,0
sz002166,0
sh600678,0
sz000625,0
sh600983,0
sz000996,0
sz000869,0
sz000868,0
sz002169,0
sz000866,0
sz000861,0
sz000860,0
sz000863,0
sz000862,0
sz000993,0
sz000049,0
sz000048,0
sz000047,0
sz000046,0
sz000045,0
sz000980,0
sz000043,0
sz000042,0
sz000040,0
sz300125,0
sz300124,0
sz300127,0
sz300126,0
sz300121,0
sz300120,0
sz300123,0
sz300122,0
sz300129,0
sz300128,0
sh603278,0
sh600708,0
sh600709,0
sh600700,0
sh600701,0
sh600702,0
sh600703,0
sh600704,0
sh600705,0
sh600706,0
sh600707,0
sz000570,0
sz000730,0
sh600762,0
sh601258,0
sh600763,0
sz000768,0
sz300019,0
sz300018,0
sz300011,0
sz300010,0
sz300013,0
sz300012,0
sz300015,0
sz300014,0
sz300017,0
sz300016,0
sz000578,0
sz000769,0
sz000732,0
sz002057,0
sz002578,0
sz000981,0
sh603298,0
sz300309,0
sz300308,0
sz300305,0
sz300304,0
sz300307,0
sz300306,0
sz300301,0
sz300300,0
sz300303,0
sz300302,0
sz000004,0
sh603055,0
sz300706,0
sz000750,0
sh603533,0
sh603536,0
sh603535,0
sh603538,0
sz300271,0
sz300270,0
sz300273,0
sz300272,0
sz300275,0
sz300274,0
sz300277,0
sz300276,0
sz300279,0
sz300278,0
sz000948,0
sz002058,0
sz002328,0
sz002329,0
sz002324,0
sz002325,0
sz002326,0
sz002327,0
sz002320,0
sz002321,0
sz002322,0
sz002323,0
sh601800,0
sz000059,0
sh603398,0
sh603399,0
sh603396,0
sh603393,0
sz300662,0
sz300663,0
sz300660,0
sz300661,0
sz300666,0
sz300667,0
sz300665,0
sz300668,0
sz300669,0
sh600843,0
sh600842,0
sz300462,0
sh600840,0
sh600847,0
sh600846,0
sh600845,0
sh600844,0
sz300468,0
sh601808,0
sh600848,0
sh603716,0
sh603717,0
sz002030,0
sz002031,0
sz002032,0
sz002033,0
sz002034,0
sz002035,0
sz002036,0
sz002037,0
sz002038,0
sz002039,0
sz000026,0
sz002785,0
sz002782,0
sz002783,0
sz002780,0
sh603085,0
sz000589,0
sh600289,0
sh600288,0
sh600285,0
sh600284,0
sh600287,0
sh600286,0
sh600281,0
sh600280,0
sh600283,0
sh600282,0
sz002638,0
sz000756,0
sh603200,0
sz002639,0
sz002505,0
sh603615,0
sz002254,0
sz002255,0
sz002256,0
sh603203,0
sz002250,0
sz002251,0
sz002252,0
sz002253,0
sh603976,0
sh603888,0
sh603889,0
sz002258,0
sz002259,0
sh603660,0
sh603661,0
sh600061,0
sz000671,0
sh600063,0
sz000673,0
sh600065,0
sz000675,0
sh600067,0
sz000677,0
sz000678,0
sz000679,0
sz002503,0
sh603868,0
sh603869,0
sz002818,0
sz002819,0
sz002816,0
sh603861,0
sz002815,0
sz002812,0
sz002813,0
sz002810,0
sz002811,0
sz002524,0
sz300688,0
sz300689,0
sh603619,0
sh600449,0
sh600448,0
sz300680,0
sh600446,0
sz300682,0
sz002464,0
sh600805,0
sz300685,0
sz300686,0
sz300687,0
sz000415,0
sz000416,0
sz000417,0
sz000410,0
sz000411,0
sz000412,0
sz000413,0
sh601718,0
sz000418,0
sz000419,0
sh600667,0
sz000785,0
sz000786,0
sh600664,0
sh600663,0
sh600662,0
sz000782,0
sh600660,0
sh600804,0
sz000788,0
sz000789,0
sh600669,0
sh600668,0
sz000890,0
sz000892,0
sz000893,0
sh601398,0
sz000895,0
sz000897,0
sz000898,0
sz000899,0
sh601390,0
sz000070,0
sh601008,0
sh601009,0
sh600803,0
sh601005,0
sz000078,0
sh601007,0
sh601000,0
sh601001,0
sh601002,0
sh601003,0
sz000528,0
sz000529,0
sz002624,0
sz000520,0
sz000521,0
sz000522,0
sz000523,0
sz000524,0
sz000525,0
sz000526,0
sz000527,0
sz000099,0
sh600719,0
sh600718,0
sh600802,0
sz002154,0
sz000090,0
sh600712,0
sh600711,0
sh600710,0
sh600717,0
sh600716,0
sh600715,0
sh600714,0
sz002627,0
sh603855,0
sz300068,0
sz300069,0
sz300064,0
sz300065,0
sz300066,0
sz300067,0
sz300061,0
sz300062,0
sz300063,0
sz000013,0
sh600665,0
sz000014,0
sz300620,0
sz000015,0
sz002623,0
sh600088,0
sz300621,0
sz000925,0
sz000926,0
sh600084,0
sz000920,0
sh600082,0
sh603527,0
sh600081,0
sz000923,0
sh603528,0
sz300204,0
sz300205,0
sz300206,0
sz300207,0
sz300200,0
sz300201,0
sz300202,0
sz300203,0
sz300208,0
sz300209,0
sh600385,0
sh603002,0
sh600166,0
sh603003,0
sh600317,0
sh603001,0
sh600316,0
sz002702,0
sh600386,0
sh600315,0
sh603416,0
sz300518,0
sz300519,0
sz002700,0
sz002339,0
sz002338,0
sz002337,0
sz002336,0
sz002335,0
sz002334,0
sz002333,0
sz002332,0
sz002331,0
sz002330,0
sz300510,0
sh600009,0
sz002216,0
sz300511,0
sh600310,0
sz300512,0
sh600160,0
sh603380,0
sh603383,0
sz300513,0
sh603385,0
sh603387,0
sh603386,0
sh603389,0
sh603388,0
sz300515,0
sz300675,0
sz300677,0
sz300676,0
sz300671,0
sz300670,0
sz300673,0
sz300672,0
sz300517,0
sz300679,0
sz300678,0
sh600161,0
sh600876,0
sh600877,0
sz300471,0
sh600875,0
sz300477,0
sh603708,0
sz300475,0
sz300474,0
sh603707,0
sz300478,0
sh603701,0
sh600878,0
sh600879,0
sz002791,0
sz002790,0
sz002793,0
sz002020,0
sh603099,0
sh603098,0
sz002797,0
sz002796,0
sz002799,0
sz002798,0
sz002029,0
sz002028,0
sh600162,0
sh603090,0
sh600270,0
sh600271,0
sh600272,0
sh600273,0
sh600275,0
sh600276,0
sh600277,0
sh600278,0
sh600279,0
sz002247,0
sz002246,0
sz002245,0
sz002244,0
sz002243,0
sz002242,0
sz002241,0
sz002240,0
sh603679,0
sh603678,0
sh603899,0
sh603898,0
sz002249,0
sz002248,0
sz000663,0
sz000662,0
sh600016,0
sz000660,0
sz000667,0
sz000666,0
sz000665,0
sz000669,0
sz000668,0
sh600018,0
sh600019,0
sz002801,0
sz002800,0
sh603879,0
sh603878,0
sz002805,0
sh600381,0
sz002807,0
sz002806,0
sz002809,0
sz002808,0
sh603877,0
sh600389,0
sz002910,0
sh600472,0
sh600470,0
sz300698,0
sh600476,0
sh600477,0
sh600475,0
sz300693,0
sz300692,0
sz300691,0
sh600479,0
sz300697,0
sz300696,0
sz300695,0
sh600128,0
sz000406,0
sz000405,0
sz000404,0
sz000403,0
sz000402,0
sz000401,0
sz000400,0
sh600652,0
sh600653,0
sh600650,0
sh600651,0
sh600656,0
sh600125,0
sh600654,0
sh600655,0
sh600498,0
sh600499,0
sz000795,0
sz000793,0
sz000792,0
sz000791,0
sz000790,0
sh600490,0
sh600491,0
sh600493,0
sz002786,0
sh600495,0
sh600496,0
sz000798,0
sz000883,0
sz000882,0
sz000881,0
sz000880,0
sz000887,0
sz000886,0
sz000885,0
sh601388,0
sz000025,0
sz000889,0
sz000888,0
sz000065,0
sz000066,0
sz000061,0
sz000060,0
sz000063,0
sz000062,0
sh601016,0
sh601015,0
sz000069,0
sh601012,0
sh601011,0
sh601010,0
sz000539,0
sz000538,0
sz002559,0
sz000533,0
sz000532,0
sz000531,0
sz000530,0
sz000537,0
sz000536,0
sz000535,0
sz000534,0
sh601636,0
sz000089,0
sz000088,0
sh601633,0
sh600728,0
sh600729,0
sh600726,0
sh600727,0
sh600724,0
sh600725,0
sh600722,0
sh600723,0
sh600720,0
sh600721,0
sz002594,0
sz000727,0
sz300473,0
sz300079,0
sz300078,0
sz300077,0
sz300076,0
sz300075,0
sz300074,0
sz300073,0
sh600874,0
sz300071,0
sz300070,0
sz000333,0
sz300470,0
sz002204,0
sh600872,0
sh600873,0
sh600812,0
sz000729,0
sh600870,0
sh600871,0
sh600037,0
sz002144,0
sz002413,0
sz300479,0
sz002147,0
sz002140,0
sz002636,0
sz002141,0
sh603703,0
sz000515,0
sz002415,0
sz000514,0
sz002023,0
sz002022,0
sz002637,0
sz002021,0
sz002792,0
sh600020,0
sz002027,0
sz300315,0
sz000100,0
sz002026,0
sz002025,0
sz002024,0
sz002787,0
sz300217,0
sz300216,0
sz300215,0
sz300214,0
sz300213,0
sz300212,0
sz300211,0
sz300210,0
sz300219,0
sz300218,0
sz002384,0
sz002385,0
sz002492,0
sz002493,0
sz002490,0
sz002491,0
sz002496,0
sz002497,0
sz002494,0
sz002495,0
sz002498,0
sz002499,0
sz002302,0
sz002651,0
sz002300,0
sz002301,0
sz002306,0
sz002655,0
sz002656,0
sz002305,0
sz002658,0
sz002659,0
sz002308,0
sz002309,0
sz300507,0
sz300506,0
sz300505,0
sh600624,0
sh600869,0
sh600868,0
sh600861,0
sh600860,0
sh600863,0
sh600862,0
sh600865,0
sh600864,0
sh600867,0
sh600866,0
sz300446,0
sz300447,0
sh603260,0
sz300445,0
sz300442,0
sz300443,0
sz300440,0
sz300441,0
sh603268,0
sh603269,0
sz300448,0
sz300449,0
sz002016,0
sz002017,0
sz002014,0
sz002015,0
sz002012,0
sz002013,0
sz002010,0
sz002011,0
sh603069,0
sz002018,0
sz002019,0
sh600263,0
sh600262,0
sh600261,0
sh600260,0
sh600267,0
sh600266,0
sh600265,0
sh600269,0
sh600268,0
sh603286,0
sz300720,0
sz002278,0
sz002279,0
sz002272,0
sz002273,0
sz002270,0
sz002271,0
sz002276,0
sz002277,0
sz002274,0
sz002275,0
sz002478,0
sz002479,0
sh603606,0
sh603607,0
sh603600,0
sh603601,0
sh603602,0
sh603603,0
sz002470,0
sz002471,0
sz002472,0
sz002473,0
sz002474,0
sz002475,0
sz002476,0
sz002477,0
sz000656,0
sh600006,0
sh600005,0
sz000655,0
sz000652,0
sz000653,0
sz000650,0
sz000651,0
sz300602,0
sz000658,0
sh600008,0
sh600397,0
sh600396,0
sh600395,0
sz300603,0
sh600393,0
sh600392,0
sh600391,0
sh600390,0
sz002878,0
sh603843,0
sh600399,0
sh600398,0
sz002703,0
sh603118,0
sh600467,0
sh600466,0
sh600461,0
sh600460,0
sh600463,0
sh600462,0
sh603110,0
sh603111,0
sh603113,0
sh600469,0
sh600468,0
sh603116,0
sh603117,0
sh600139,0
sh600138,0
sh600649,0
sh600648,0
sh600133,0
sh600132,0
sh600131,0
sh603508,0
sh600641,0
sh600136,0
sh600135,0
sh600642,0
sz002908,0
sz002909,0
sh600489,0
sh600488,0
sh600483,0
sh600482,0
sh600481,0
sh600480,0
sh600487,0
sh600486,0
sh600485,0
sz002907,0
sh600205,0
sh601020,0
sh601021,0
sh600201,0
sh601028,0
sh603500,0
sh600200,0
sh601608,0
sz300117,0
sz002568,0
sz000508,0
sz000509,0
sz000506,0
sz000507,0
sh601600,0
sh600202,0
sz000502,0
sz000503,0
sz000501,0
sh600731,0
sh600730,0
sh600733,0
sh600732,0
sh600735,0
sh600734,0
sh600737,0
sh600736,0
sh600739,0
sh600738,0
sz002562,0
sz002563,0
sz002560,0
sz000430,0
sz002561,0
sz002586,0
sh601288,0
sz300042,0
sz300043,0
sz300040,0
sz300041,0
sz300046,0
sz300047,0
sz300044,0
sh600015,0
sz300048,0
sz300049,0
sz000661,0
sh600017,0
sh601518,0
sh601519,0
sh600010,0
sh601515,0
sh600011,0
sh600012,0
sz001696,0
sh603330,0
sz002570,0
sz300194,0
sz300195,0
sz300196,0
sz300197,0
sz300190,0
sz300191,0
sz300192,0
sz300193,0
sz300198,0
sz002803,0
sz000837,0
sh600387,0
sh600380,0
sh600382,0
sh600383,0
sz300476,0
sz300228,0
sz300229,0
sz300222,0
sz300223,0
sz300220,0
sz300221,0
sz300226,0
sz300227,0
sz300224,0
sz300225,0
sh600388,0
sz000966,0
sz000850,0
sz002485,0
sz002484,0
sz002487,0
sz002486,0
sz002481,0
sz002480,0
sz002483,0
sz002482,0
sz002489,0
sz002488,0
sz002315,0
sz002314,0
sz002641,0
sz002316,0
sz002311,0
sz002310,0
sz300538,0
sz002644,0
sz300536,0
sz300537,0
sz300534,0
sz300535,0
sz300532,0
sz300533,0
sz300530,0
sz300531,0
sh600826,0
sh600821,0
sh600820,0
sh600823,0
sh600822,0
sh600211,0
sz300459,0
sz300458,0
sh600818,0
sh600819,0
sz300451,0
sh600815,0
sh600816,0
sh600817,0
sz300455,0
sh600811,0
sz300457,0
sh600813,0
sz002009,0
sz002008,0
sh603277,0
sz002001,0
sz002003,0
sz002002,0
sz002005,0
sz002004,0
sz002007,0
sz002006,0
sh603077,0
sh603076,0
sh603079,0
sh603078,0
sh600256,0
sh600257,0
sh603299,0
sh600255,0
sh600252,0
sh600253,0
sh600250,0
sh600251,0
sz002050,0
sh600258,0
sh600259,0
sz002051,0
sh603028,0
sh600478,0
sh603029,0
sz000011,0
sz300690,0
sz002269,0
sz002268,0
sh600926,0
sz000701,0
sz002265,0
sz002264,0
sz002267,0
sz002266,0
sz002261,0
sz002260,0
sz002263,0
sz002262,0
sh603617,0
sh603616,0
sz002469,0
sz002468,0
sh603612,0
sh603611,0
sz002729,0
sz002463,0
sz002462,0
sz002461,0
sz002460,0
sz002467,0
sz002466,0
sz002465,0
sh603618,0
sz000407,0
sz002059,0
sh600129,0
sh600658,0
sz002867,0
sz002866,0
sz002865,0
sz002864,0
sz002863,0
sz002862,0
sz002861,0
sh603856,0
sh603859,0
sh603858,0
sz002869,0
sz002868,0
sz000680,0
sz000016,0
sh600794,0
sh600120,0
sh603108,0
sh600121,0
sh603103,0
sh603101,0
sh603100,0
sh600122,0
sh600123,0
sh600108,0
sh600109,0
sh600106,0
sh600107,0
sh600104,0
sh600105,0
sh600102,0
sh600103,0
sh600100,0
sh600101,0
sh600126,0
sz002911,0
sh600127,0
sz000797,0
sz000796,0
sh600038,0
sh600039,0
sh600033,0
sh600030,0
sh600031,0
sh600036,0
sh601038,0
sh600035,0
sz000511,0
sz000510,0
sz000513,0
sh601619,0
sh601618,0
sz000517,0
sz000516,0
sz000519,0
sz000518,0
sh601616,0
sh601611,0
sh600744,0
sh600745,0
sh600746,0
sh600747,0
sh600740,0
sh600741,0
sh600742,0
sh600743,0
sh600748,0
sh600749,0
sh601299,0
sz000020,0
sz000429,0
sz000428,0
sz000425,0
sz000426,0
sz000421,0
sz000420,0
sh601727,0
sz000422,0
sz300055,0
sz300054,0
sz300057,0
sz300056,0
sz300051,0
sz300050,0
sz300053,0
sz300052,0
sz300059,0
sz300058,0
sh601500,0
sh600903,0
sz002795,0
sh600997,0
sz300187,0
sz300186,0
sz300185,0
sz300184,0
sz300183,0
sz300182,0
sz300181,0
sz300180,0
sz300189,0
sz300188,0
sh600328,0
sz000708,0
sh600158,0
sz002518,0
sh601019,0
sh600851,0
sh601018,0
sz300239,0
sz300238,0
sz300235,0
sz300234,0
sz300237,0
sz300236,0
sz300231,0
sz300230,0
sz300233,0
sz300232,0
sz300464,0
sh600156,0
sz000700,0
sz000068,0
sh600858,0
sh600153,0
sz300494,0
sh600152,0
sh603233,0
sh603232,0
sz300491,0
sz300490,0
sz300493,0
sh603444,0
sz300492,0
sz002676,0
sz002677,0
sz002674,0
sz002675,0
sz002672,0
sz002673,0
sz002670,0
sz002127,0
sz300529,0
sz300528,0
sz002124,0
sz002678,0
sz002679,0
sz002437,0
sz002430,0
sz002431,0
sz002432,0
sz002433,0
sz300428,0
sz300429,0
sh600809,0
sh600808,0
sz300424,0
sz300425,0
sz300426,0
sz300427,0
sz300420,0
sz300421,0
sh600801,0
sz300423,0
sz002078,0
sz002079,0
sz002074,0
sz002075,0
sz002076,0
sz002077,0
sz002070,0
sz002071,0
sz002072,0
sz002073,0
sh603595,0
sh603042,0
sh603043,0
sh603040,0
sh603041,0
sh603598,0
sh603599,0
sh603912,0
sh603916,0
sh603918,0
sh603919,0
sh600351,0
sz002125,0
sh600350,0
sz002290,0
sz002291,0
sz002292,0
sz002293,0
sz002294,0
sz002295,0
sz002296,0
sz002297,0
sz002298,0
sz002299,0
sh600939,0
sh603626,0
sz002100,0
sz002101,0
sz002102,0
sz002103,0
sz002104,0
sz002105,0
sz002106,0
sz002459,0
sz002456,0
sz002457,0
sz002454,0
sz002455,0
sz002452,0
sz002453,0
sz002450,0
sz002451,0
sz002858,0
sz002859,0
sz002852,0
sz002853,0
sz002850,0
sz002851,0
sz002856,0
sz002857,0
sz002855,0
sh601992,0
sh603825,0
sz000691,0
sh601991,0
sh601996,0
sh601997,0
sh603822,0
sh603823,0
sh603166,0
sh601998,0
sh601999,0
sh603828,0
sh603829,0
sz002120,0
sh600249,0
sh600248,0
sh603138,0
sh603139,0
sh603136,0
sh600240,0
sh600243,0
sh600242,0
sh603133,0
sh600247,0
sh600246,0
sh600111,0
sh600110,0
sh600113,0
sh600112,0
sh600115,0
sh600114,0
sh600117,0
sh600116,0
sz000748,0
sh600118,0
sz002507,0
sz000776,0
sz000543,0
sz002625,0
sz000988,0
sz000989,0
sz000638,0
sh600028,0
sz000982,0
sz000635,0
sz000636,0
sz000637,0
sh600021,0
sz000631,0
sz000632,0
sz000633,0
sz000564,0
sz000565,0
sz000566,0
sz000567,0
sz000560,0
sz000561,0
sz000562,0
sz000563,0
sh601377,0
sh601375,0
sz000568,0
sz000569,0
sh600757,0
sh600756,0
sh600755,0
sh600754,0
sh600753,0
sh600752,0
sh600751,0
sh600750,0
sh600759,0
sh600758,0
sh603568,0
sz000832,0
sz002778,0
sh601579,0
sz000166,0
sz002500,0
sh603659,0
sz300699,0
sh603658,0
sh603567,0
sh603566,0
sz300521,0
sz300520,0
sz300523,0
sz300072,0
sz002540,0
sz300522,0
sz002541,0
sh600022,0
sz002542,0
sh600048,0
sz300527,0
sz002544,0
sz002671,0
sz002545,0
sz002546,0
sz002547,0
sh600177,0
sh600176,0
sh600175,0
sz000338,0
sh600173,0
sz000763,0
sh603096,0
sz300088,0
sz300089,0
sz300086,0
sz300087,0
sz300084,0
sh601177,0
sz300082,0
sz300083,0
sz300080,0
sz300081,0
sh600076,0
sz002203,0
sz002501,0
sh600074,0
sh600075,0
sh600502,0
sh600072,0
sz300499,0
sz002669,0
sz002668,0
sh603456,0
sh600070,0
sz002661,0
sz002660,0
sz002663,0
sz002662,0
sz002665,0
sz002664,0
sz002667,0
sz002666,0
sz300554,0
sz300555,0
sz300556,0
sz300557,0
sz300550,0
sz300551,0
sz300552,0
sz300553,0
sz300558,0
sz300498,0
sh601601,0
sh600832,0
sh600833,0
sh600830,0
sh600831,0
sh600836,0
sh600837,0
sz002599,0
sh600835,0
sz002597,0
sz002596,0
sz002595,0
sh600839,0
sz002593,0
sz002592,0
sz300431,0
sz002590,0
sh603058,0
sz002113,0
sz002069,0
sz002068,0
sz002067,0
sh603050,0
sz002065,0
sz002064,0
sz002063,0
sz002062,0
sz002061,0
sz002060,0
sh603587,0
sh603586,0
sh603585,0
sh603580,0
sh603589,0
sh603588,0
sh603903,0
sh603901,0
sh603900,0
sh603906,0
sz300495,0
sh603909,0
sh603908,0
sz002502,0
sz002344,0
sz002283,0
sz002282,0
sz002281,0
sz002280,0
sh603639,0
sz300726,0
sh600900,0
sz002284,0
sh603637,0
sz002288,0
sh603630,0
sh603633,0
sh600909,0
sz002441,0
sz002440,0
sz002443,0
sz002442,0
sz002445,0
sz002444,0
sz002447,0
sz002446,0
sz002449,0
sz002588,0
sz002119,0
sz002118,0
sz002345,0
sz002589,0
sh600340,0
sz300526,0
sz300497,0
sz002849,0
sz002848,0
sh600346,0
sz002845,0
sz002847,0
sz002846,0
sz002841,0
sz002840,0
sz002843,0
sz002842,0
sh601985,0
sz002584,0
sh603833,0
sz002585,0
sz002342,0
sh601989,0
sh601988,0
sh603839,0
sh603838,0
sz300496,0
sz002587,0
sh600594,0
sz002580,0
sz000962,0
sz002581,0
sh603123,0
sh600596,0
sh600238,0
sz002582,0
sh603127,0
sh603126,0
sh600234,0
sh603128,0
sh600236,0
sh600800,0
sh600230,0
sh600231,0
sh600232,0
sh600233,0
sh600696,0
sh600165,0
sh600694,0
sh600167,0
sh600692,0
sh601188,0
sh600690,0
sh600163,0
sz000759,0
sz000758,0
sh600168,0
sh600169,0
sh600698,0
sh600699,0
sh600497,0
sz002173,0
sz002172,0
sh600582,0
sh600583,0
sh600580,0
sh600581,0
sh600586,0
sh600587,0
sz000629,0
sh600585,0
sz000995,0
sz000626,0
sh600588,0
sh600589,0
sz000623,0
sz000622,0
sz000621,0
sz000620,0
sz000576,0
sh600768,0
sh600769,0
sz000573,0
sz000572,0
sz000571,0
sh601366,0
sh601369,0
sh601368,0
sh600760,0
sh600761,0
sh600766,0
sh600767,0
sh600764,0
sh600765,0
sh600568,0
sh600569,0
sh600560,0
sh600561,0
sh600562,0
sh600563,0
sh600565,0
sh600566,0
sh600567,0
sh603089,0
sz001979,0
sh601969,0
sh601968,0
sh601966,0
sh601965,0
sz000584,0
sh601318,0
sh601567,0
sh601566,0
sh600675,0
sh600579,0
sz000582,0
sz002199,0
sz000583,0
sh600577,0
sh600679,0
sz002190,0
sz000799,0
sz002286,0
sz300091,0
sz300090,0
sz300093,0
sz300092,0
sz300095,0
sz300094,0
sz300097,0
sz300096,0
sz300099,0
sz300098,0
sz002826,0
sz002207,0
sz002618,0
sz002619,0
sz002614,0
sz002615,0
sz002616,0
sz002617,0
sz002610,0
sz002611,0
sz002612,0
sz002613,0
sz300547,0
sz300546,0
sz300545,0
sz300543,0
sz300542,0
sz300541,0
sz300540,0
sh603718,0
sz300549,0
sz300548,0
sh603896,0
sh600933,0
sh601811,0
sh603628,0
sz300402,0
sz300403,0
sz300400,0
sz300401,0
sz300406,0
sz300407,0
sz300404,0
sz300405,0
sz300408,0
sz300409,0
sh600829,0
sh600828,0
sh600936,0
sz002052,0
sz002053,0
sz002722,0
sz002723,0
sz002724,0
sz002725,0
sz002054,0
sz002055,0
sz002728,0
sh603025,0
sh603026,0
sh603027,0
sh603020,0
sh603021,0
sh603022,0
sh603023,0
sz002626,0
sh601818,0
sz002620,0
sh603936,0
sh603937,0
sh603188,0
sh603933,0
sz002622,0
sh603938,0
sh603939,0
sh600919,0
sh600697,0
sh600917,0
sz300716,0
sz300717,0
sz300715,0
sz300712,0
sz300713,0
sz300710,0
sz300711,0
sz300718,0
sz300719,0
sz002126,0
sh603331,0
sz002436,0
sh603333,0
sz002122,0
sh603335,0
sh603336,0
sh603337,0
sh603338,0
sh603339,0
sz002438,0
sz002439,0
sz002128,0
sz002129,0
sh600353,0
sh600352,0
sh603808,0
sh603809,0
sh600357,0
sh600356,0
sh600355,0
sh600354,0
sh603803,0
sh600359,0
sh600358,0
sh603806,0
sh600854,0
sh601101,0
sz002108,0
sh603363,0
sz002109,0
sz002123,0
sh600695,0
sh603218,0
sz000409,0
sz002080,0
sh600855,0
sz002343,0
sz300539,0
sz002548,0
sz002549,0
sh603157,0
sh600229,0
sh600228,0
sh600227,0
sh600226,0
sh600225,0
sz002543,0
sh600223,0
sh600222,0
sh600221,0
sh600220,0
sz000766,0
sz000767,0
sz000408,0
sz000765,0
sz000762,0
sh600172,0
sh600171,0
sh600170,0
sh601179,0
sh600179,0
sh600178,0
sh601888,0
sh601886,0
sh601880,0
sh601881,0
sh601882,0
sh600433,0
sz000612,0
sz000613,0
sh600597,0
sz000611,0
sh600591,0
sz000617,0
sh600593,0
sz000615,0
sz000968,0
sz000969,0
sz000618,0
sz000619,0
sh600599,0
sh600598,0
sh600779,0
sh601311,0
sh601313,0
sh600775,0
sh600774,0
sh600777,0
sh600776,0
sh600771,0
sh600770,0
sh600773,0
sh600772,0
sh601086,0
sh600578,0
sh600235,0
sh600573,0
sh600572,0
sh600571,0
sh600570,0
sh601088,0
sh600576,0
sh600575,0
sh603826,0
sz002107,0
sh603966,0
sh600689,0
sh600688,0
sh601777,0
sh601958,0
sh600681,0
sh600680,0
sh600683,0
sh600682,0
sh600685,0
sh600684,0
sh600687,0
sh600686,0
sh601228,0
sh601229,0
sh601558,0
sh600329,0
sh601222,0
sh601225,0
sh601226,0
sh601555,0
sh601798,0
sh601799,0
sh603960,0
sz000818,0
sz000819,0
sz000548,0
sz000549,0
sz000542,0
sz000811,0
sz000812,0
sz000813,0
sz000546,0
sz000815,0
sz000816,0
sz000817,0
sz300392,0
sz300393,0
sz300390,0
sz300391,0
sz300396,0
sz300397,0
sz300394,0
sz300395,0
sz300398,0
sz300399,0
sz300150,0
sz000810,0
sz300152,0
sz300153,0
sz300154,0
sz300155,0
sz300156,0
sz300157,0
sz300158,0
sz300159,0
sz000540,0
sz000541,0
sz000938,0
sz002528,0
sz000547,0
sz000544,0
sz000545,0
sh600791,0
sz002121,0
sz002736,0
sh603466,0
sz002715,0
sh600320,0
sh603788,0
sh600321,0
sz300346,0
sz002650,0
sz002303,0
sh603882,0
sz002652,0
sh600241,0
sz300578,0
sz300579,0
sz002609,0
sz002608,0
sz002607,0
sz002654,0
sz002605,0
sz002604,0
sz002603,0
sh600984,0
sz002601,0
sz002307,0
sz300378,0
sz300379,0
sz002200,0
sz002304,0
sz300151,0
sz300370,0
sz300371,0
sz300372,0
sz002657,0
sz300374,0
sz300375,0
sz300376,0
sz300377,0
sz300503,0
sz002205,0
sz300502,0
sh603131,0
sz300501,0
sz300500,0
sh601198,0
sz300415,0
sz300414,0
sz300417,0
sh601199,0
sz300411,0
sz300410,0
sz300413,0
sz300412,0
sh603968,0
sz300419,0
sz300418,0
sz002045,0
sz002732,0
sz002047,0
sz002046,0
sz002041,0
sh603881,0
sz002735,0
sh603038,0
sh603037,0
sh603036,0
sh603035,0
sz002738,0
sz002049,0
sz002048,0
sh603031,0
sh603030,0
sh600119,0
sz300575,0
sh600503,0
sh600595,0
sh600500,0
sh601058,0
sz300509,0
sh600054,0
sh600507,0
sz300709,0
sz300708,0
sh600969,0
sz300701,0
sh600965,0
sh600966,0
sh600967,0
sh600960,0
sh600961,0
sz300707,0
sh600963,0
sz002139,0
sz002138,0
sz300508,0
sz002131,0
sz002130,0
sz002133,0
sz002132,0
sz002135,0
sz002134,0
sz002137,0
sz002136,0
sz002427,0
sh603322,0
sh603321,0
sh603320,0
sz002423,0
sz002422,0
sz002421,0
sz002420,0
sh603499,0
sh603328,0
sz002429,0
sz002428,0
sh600366,0
sh600367,0
sh600365,0
sh600362,0
sh600363,0
sh600360,0
sh600361,0
sh603817,0
sh603816,0
sh603811,0
sh600368,0
sh600369,0
sh600659,0
sh603557,0
sz002086,0
sh603929,0
sh600213,0
sh600210,0
sz002558,0
sh600216,0
sh600217,0
sh600215,0
sz002553,0
sh603920,0
sz002551,0
sh600219,0
sz002557,0
sz002556,0
sz002555,0
sz002554,0
sh601163,0
sh601166,0
sh601169,0
sh601168,0
sh600590,0
sh601899,0
sh601898,0
sh601890,0
sz000973,0
sz000972,0
sz000607,0
sz000606,0
sz000977,0
sz000600,0
sz000603,0
sz000602,0
sz000979,0
sz000978,0
sz000609,0
sz000608,0
sh600780,0
sh600781,0
sh600782,0
sh600783,0
sh600784,0
sh600785,0
sh600786,0
sh600787,0
sh600788,0
sh600789,0
sh600592,0
sh600548,0
sh600549,0
sh600546,0
sh600547,0
sh600545,0
sh600543,0
sh600540,0
sh601098,0
sz000735,0
sh600184,0
sz000779,0
sz000778,0
sh600148,0
sh600149,0
sh601949,0
sh600029,0
sh600141,0
sh600146,0
sh603970,0
sz000777,0
sz000639,0
sh603222,0
sh601238,0
sz000733,0
sh601233,0
sh601231,0
sh600181,0
sz300444,0
sz000151,0
sz000150,0
sh601789,0
sh601788,0
sz000155,0
sz000157,0
sz000156,0
sz000159,0
sz000158,0
sz000731,0
sh600027,0
sz002408,0
sh600026,0
sz000630,0
sz000987,0
sz002405,0
sz000809,0
sz000559,0
sh600023,0
sz002156,0
sz000555,0
sz000554,0
sz000557,0
sz000800,0
sz000551,0
sz002155,0
sz000805,0
sz000552,0
sz300385,0
sz300384,0
sz300387,0
sz300386,0
sz300381,0
sz300380,0
sz300383,0
sz300382,0
sz002153,0
sz300389,0
sz300388,0
sz002400,0
sz300143,0
sz300142,0
sz300141,0
sz300140,0
sz300147,0
sz300146,0
sz300145,0
sz300144,0
sz300149,0
sz002150,0
sh603060,0
sh603063,0
sh600691,0
sh603066,0
sh603067,0
sz002390,0
sz002640,0
sz000610,0
sh603288,0
sh603289,0
sh600859,0
sz002632,0
sz002633,0
sz002630,0
sz002631,0
sz300569,0
sz002647,0
sz002634,0
sz002635,0
sz300565,0
sz300567,0
sz300566,0
sz300561,0
sz300560,0
sz300563,0
sz300562,0
sz300369,0
sz300368,0
sh600444,0
sz300363,0
sz300362,0
sz300361,0
sz300360,0
sz300367,0
sz300366,0
sz300365,0
sz300364,0
sh600439,0
sz002523,0
sz002645,0
sh603797,0
sh603798,0
sh603799,0
sz002706,0
sz002707,0
sh603000,0
sz002705,0
sh603006,0
sh603555,0
sh603556,0
sz002701,0
sh603558,0
sh603559,0
sh603008,0
sh603009,0
sz002708,0
sz002709,0
sz002098,0
sz002099,0
sz002096,0
sz002097,0
sz002094,0
sz002095,0
sz002092,0
sz002093,0
sz002090,0
sz002091,0
sh600979,0
sh600978,0
sh600977,0
sh600976,0
sh600975,0
sh600973,0
sh600971,0
sh600970,0
sz002418,0
sz002419,0
sz002148,0
sz002149,0
sh600987,0
sz002412,0
sz002145,0
sz002146,0
sz002411,0
sz002416,0
sz002417,0
sz002142,0
sz002143,0
sh603316,0
sz002388,0
sh603315,0
sh603313,0
sh603311,0
sz002382,0
sz002383,0
sz002380,0
sz002381,0
sz002386,0
sz002387,0
sh603318,0
sh603319,0
sz002896,0
sz002897,0
sz002895,0
sz002892,0
sz002893,0
sz002890,0
sz002891,0
sz002898,0
sz002899,0
sz002720,0
sh601878,0
sh603169,0
sh603168,0
sz300600,0
sz300601,0
sh603178,0
sh603179,0
sz300604,0
sz300605,0
sz300606,0
sz300607,0
sz300608,0
sz300609,0
sh603177,0
sh603778,0
sh603779,0
sh600207,0
sh600206,0
sh603958,0
sh603959,0
sh600203,0
sz002569,0
sz002566,0
sz002567,0
sz002564,0
sz002565,0
sh600209,0
sh600208,0
sh603776,0
sh603777,0
sh601155,0
sh601158,0
sz300572,0
sz002600,0
sz002606,0
sz300570,0
sz000949,0
sz300571,0
sh603605,0
sz300576,0
sz000616,0
sz002573,0
sz002602,0
sh600379,0
sh600378,0
sz002572,0
sz300106,0
sh600371,0
sh600370,0
sh600373,0
sh600372,0
sh600375,0
sh600377,0
sh600376,0
sz000010,0
sh600792,0
sz000012,0
sh600790,0
sh600797,0
sh600796,0
sh600795,0
sz000017,0
sz000018,0
sz000019,0
sh600799,0
sh600798,0
sh600551,0
sh600550,0
sh600553,0
sh600552,0
sh600555,0
sh603345,0
sh600557,0
sh600556,0
sh600559,0
sh600558,0
sz300100,0
sz300289,0
sz000498,0
sh603608,0
sh600899,0
sh600159,0
sz000709,0
sh601933,0
sh600155,0
sz000705,0
sh600157,0
sz000707,0
sh600151,0
sh600150,0
sz000702,0
sz000703,0
sh600007,0
sz300373,0
sh601208,0
sz000657,0
sh601206,0
sz002726,0
sh601200,0
sh600004,0
sz300472,0
sh600003,0
sh600002,0
sh600001,0
sz002727,0
sh600000,0
sh601339,0
sz002721,0
sz000838,0
sz000839,0
sz000836,0
sh601333,0
sz000835,0
sh601336,0
sz000833,0
sz000830,0
sz000831,0
sz300249,0
sz300176,0
sz300177,0
sz300174,0
sz300175,0
sz300172,0
sz300173,0
sz300170,0
sz300171,0
sz000659,0
sz300178,0
sz300179,0
sz300514,0
sz002875,0
sz002876,0
sz002877,0
sz002870,0
sz002871,0
sz300288,0
sz002872,0
sz300284,0
sz300285,0
sz300286,0
sz002873,0
sz300280,0
sz300281,0
sz300282,0
sz300283,0
sz300287,0
sz002802,0
sz300516,0
sz000970,0
sz002879,0
sz300590,0
sz300591,0
sz300592,0
sz300593,0
sz002621,0
sz300595,0
sz300596,0
sz300597,0
sz300598,0
sz300599,0
sz002112,0
sz002629,0
sz002628,0
sz002653,0
sz300358,0
sz300359,0
sz300356,0
sz300357,0
sz300354,0
sz300355,0
sz300352,0
sz300353,0
sz300350,0
sz300351,0
sz000951,0
sz300416,0
sh603609,0
sh600095,0
sh600096,0
sh603167,0
sh603737,0
sz000952,0
sh600090,0
sz002719,0
sz002718,0
sh603787,0
sz000957,0
sz002711,0
sz002710,0
sz002713,0
sz002712,0
sh603789,0
sz002714,0
sz002717,0
sz002716,0
sh603015,0
sh603017,0
sh603016,0
sh603011,0
sh603010,0
sh603012,0
sh603019,0
sh603018,0
sh600778,0
sh600309,0
sz002081,0
sz002733,0
sz002083,0
sz002082,0
sz002085,0
sz002084,0
sz002087,0
sz002044,0
sz002089,0
sz002088,0
sz002731,0
sz002730,0
sh600305,0
sz002737,0
sh600306,0
sz002040,0
sh603309,0
sh603308,0
sh600307,0
sz002409,0
sz002043,0
sz002159,0
sz002158,0
sz002157,0
sh603300,0
sh603303,0
sz002734,0
sh603305,0
sz002152,0
sz002151,0
sh603306,0
sz002399,0
sz002398,0
sz002395,0
sz002394,0
sz002397,0
sz002396,0
sz002391,0
sz002739,0
sz002393,0
sz002392,0
sh603266,0
sh603033,0
sz300034,0
sh601952,0
sh603032,0
sz300023,0
sh603129,0
sz002404,0
sz300613,0
sz300612,0
sz300611,0
sz300610,0
sz300617,0
sz300616,0
sz300615,0
sh603165,0
sz300619,0
sz300618,0
sh603160,0
sh600894,0
sh600895,0
sh600896,0
sh600897,0
sz002575,0
sz002574,0
sz002577,0
sz002576,0
sz002579,0
sz002407,0
sh603767,0
sh603766,0
sh600410,0
sh600130,0
sz300104,0
sh600415,0
sh600416,0
sh600418,0
sh600137,0
sh600640,0
sh600643,0
sz000550,0
sz000959,0
sz000958,0
sh600098,0
sh600099,0
sh600525,0
sh600094,0
sz000950,0
sz000953,0
sh600097,0
sz000955,0
sh600091,0
sh600092,0
sh600093,0
sz002889,0
sz002888,0
sh600308,0
sz002401,0
sz002881,0
sz002880,0
sz002883,0
sz002882,0
sz002885,0
sz002884,0
sz002887,0
sz002886,0
sz000003,0
sz000002,0
sz000001,0
sz000007,0
sz000006,0
sz000005,0
sz002110,0
sz000009,0
sz000008,0
sz002900,0
sh600526,0
sh600527,0
sh600520,0
sh600521,0
sh600522,0
sh600523,0
sh600528,0
sz002902,0
sz002529,0
sz002903,0
sz000488,0
sh600529,0
sz002403,0
sz002389,0
sz000719,0
sz000718,0
sz000717,0
sz000716,0
sz000715,0
sz000713,0
sz000712,0
sh601929,0
sz000710,0
sh601211,0
sh601212,0
sh601216,0
sh601218,0
sz002402,0
sh600638,0
sh600639,0
sz002901,0
sh600300,0
sh600630,0
sh600631,0
sh600632,0
sh600633,0
sh600634,0
sh600635,0
sh600636,0
sh600637,0
sh600325,0
sz000821,0
sz000820,0
sz000823,0
sh601858,0
sz000825,0
sh601328,0
sz000827,0
sz000826,0
sz000829,0
sz000828,0
sh601326,0
sh601857,0
sz300169,0
sz300168,0
sz300161,0
sz300160,0
sz300163,0
sz300162,0
sz300165,0
sz300164,0
sz300167,0
sz300166,0
sh603677,0
sz300700,0
sh601700,0
sz300703,0
sz300702,0
sz300705,0
sh603676,0
sh600962,0
sz000960,0
sz300460,0
sh600645,0
sz300299,0
sz300461,0
sz300297,0
sz300296,0
sh601069,0
sz300294,0
sz300293,0
sh600841,0
sz300291,0
sz300290,0
sz300463,0
sz000961,0
sh600419,0
sz300465,0
sh600644,0
sz300466,0
sz300467,0
sz002520,0
sz000711,0
sz300469,0
sh601928,0
sh600647,0
sh600185,0
sz002521,0
sz300583,0
sz300582,0
sz300581,0
sz300580,0
sz300587,0
sz000963,0
sz300585,0
sz300584,0
sz300589,0
sz300588,0
sh600646,0
sz300341,0
sh603323,0
sz300343,0
sz300342,0
sz300345,0
sz300344,0
sz300347,0
sz002426,0
sz300349,0
sz300348,0
sz000423,0
sz002425,0
sz002424,0
sz000504,0
sh603326,0
sz000505,0
sz002788,0
sz002789,0
sh601607,0
sz000965,0
sz002768,0
sz002769,0
sh603083,0
sz002765,0
sz002766,0
sz002767,0
sz002760,0
sz002761,0
sz002762,0
sz002763,0
sh603577,0
sh603081,0
sz300321,0
sh603086,0
sh603758,0
sh603955,0
sh603578,0
sh603579,0
sz002781,0
sh600302,0
sz300085,0
sz000967,0
sh603688,0
sh603689,0
sh603819,0
sh603686,0
sh603680,0
sh600958,0
sh603818,0
sz002162,0
sz002163,0
sz002160,0
sz002161,0
sh603378,0
sz002167,0
sz002164,0
sz002165,0
sz002168,0
sh603377,0
sz002360,0
sz002361,0
sz002362,0
sz002363,0
sz002364,0
sz002365,0
sz002366,0
sz002367,0
sz002368,0
sz002369,0
sh600885,0
sz002458,0
sz002188,0
sz002189,0
sz002042,0
sh603800,0
sz002180,0
sz002181,0
sz002182,0
sz002183,0
sz002184,0
sz002185,0
sz002186,0
sz002187,0
sh601100,0
sh603813,0
sz300626,0
sz300627,0
sh603801,0
sz300625,0
sz300622,0
sz300623,0
sh603196,0
sh603197,0
sh603198,0
sh603199,0
sz300628,0
sz300629,0
sh600887,0
sh600886,0
sz002506,0
sh600884,0
sh600883,0
sh603977,0
sh600348,0
sh600880,0
sh603208,0
sh603757,0
sh603978,0
sh603979,0
sz002508,0
sz002509,0
sh600889,0
sh600888,0
sh600403,0
sh600401,0
sh600400,0
sh600406,0
sh600405,0
sh600409,0
sh600408,0
sh603007,0
sh603998,0
sh603999,0
sh600303,0
sh600882,0
sh603990,0
sh603991,0
sh603993,0
sh603996,0
sh603997,0
sz000928,0
sz000929,0
sh600089,0
sz002410,0
sh600087,0
sh600086,0
sh600085,0
sz000927,0
sh600083,0
sz000921,0
sz000922,0
sh600080,0
sz002218,0
sz002219,0
sz000822,0
sh600881,0
sh600319,0
sh600318,0
sz002210,0
sz002211,0
sz002212,0
sz002213,0
sz002214,0
sz002215,0
sh600311,0
sz002217,0
sz000036,0
sz000037,0
sz000034,0
sz000035,0
sz000032,0
sz000033,0
sz000030,0
sz000031,0
sh603005,0
sh603258,0
sz000038,0
sz000039,0
sh600537,0
sh600536,0
sh600535,0
sh600533,0
sh600532,0
sh600531,0
sh600530,0
sh600539,0
sh600538,0
sh601918,0
sh601919,0
sz002740,0
sz000722,0
sz000723,0
sz000720,0
sz000721,0
sz000726,0
sh601139,0
sz000725,0
sz002746,0
sz000728,0
sh601137,0
sz002747,0
sh601595,0
sh603158,0
sz002745,0
sh601268,0
sh601599,0
sh600629,0
sh600628,0
sh603515,0
sh600623,0
sh600622,0
sh600621,0
sh600620,0
sh600627,0
sh600626,0
sh600625,0
sz002414,0
sh600212,0
sz002749,0
sh603883,0
sz300045,0
sh603880,0
sh603458,0
sz000586,0
sz000587,0
sz000856,0
sz000585,0
sz000096,0
sz000851,0
sz000852,0
sz000581,0
sh601866,0
sh603886,0
sh601688,0
sh601689,0
sz000858,0
sz000859,0
sz000588,0
sh603887,0
sz300118,0
sz300119,0
sz300114,0
sz300115,0
sz300116,0
sh603885,0
sz300110,0
sz300111,0
sz300112,0
sz300113,0
sh601668,0
sh601669,0
sz002552,0
sh600218,0
sh601666,0
sz002550,0
sz300568,0
sh603928,0
sz300525,0
sh603926,0
sh603668,0
sz000670,0
sh600060,0
sz000672,0
sz300559,0
sz300020,0
sz300021,0
sz300022,0
sh600062,0
sz300024,0
sz300025,0
sz300026,0
sz300027,0
sz300028,0
sz300029,0
sh603496,0
sh603669,0
sh600064,0
sh603159,0
sz000676,0
sh600066,0
sh603520,0
sh600069,0
sh600068,0
sz002906,0
sz002905,0
sz300422,0
sh603667,0
sz300334,0
sz300335,0
sz300336,0
sz300337,0
sz300330,0
sz300331,0
sz300332,0
sz300333,0
sh600313,0
sz300338,0
sz300339,0
sz300573,0
sh600312,0
sh603569,0
sh603860,0
sh603665,0
sz002779,0
sz002817,0
sz002777,0
sz002776,0
sz002775,0
sz002774,0
sz002773,0
sz002772,0
sz002771,0
sz002770,0
sz300248,0
sz000999,0
sz300240,0
sz300241,0
sz300242,0
sz300243,0
sz300244,0
sz300245,0
sz300246,0
sz300247,0
sh603866,0
sh600806,0
sh600657,0
sh603663,0
sh600071,0
sh603699,0
sh603698,0
sh603696,0
sh603690,0
sz002175,0
sz002174,0
sz002177,0
sz002176,0
sz002171,0
sz002170,0
sh603369,0
sh603368,0
sh603367,0
sh603366,0
sh603365,0
sz002179,0
sz002178,0
sh603360,0
sz002373,0
sz002372,0
sz002371,0
sz002370,0
sz002377,0
sz002376,0
sz002375,0
sz002374,0
sz002860,0
sz002379,0
sz002378,0
sh603088,0
sz002198,0
sh600834,0
sz002193,0
sz002192,0
sz002191,0
sz002598,0
sz002197,0
sz002196,0
sz002195,0
sz002194,0
sz300639,0
sz300638,0
sh603922,0
sz300436,0
sz300631,0
sz300630,0
sz300633,0
sz300632,0
sz300635,0
sh600838,0
sz300637,0
sz300636,0
sh603183,0
sz000605,0
sh603181,0
sh603180,0
sh603186,0
sz300433,0
sh603189,0
sz300298,0
sz000971,0
sz300432,0
sz002517,0
sz002516,0
sz002515,0
sz002514,0
sz002513,0
sz002591,0
sh603963,0
sz002510,0
sz000601,0
sz300430,0
sh603969,0
sz300295,0
sz002519,0
sz000976,0
sh600436,0
sh600435,0
sh600432,0
sz000975,0
sh600438,0
sz300292,0
sz000761,0
sh603989,0
sh603988,0
sz000997,0
sz300681,0
sh603980,0
sh603987,0
sh603986,0
sh603985,0
sz300683,0
sz000939,0
sh600890,0
sz000937,0
sz000936,0
sz000935,0
sz000933,0
sz000932,0
sz000931,0
sz000930,0
sh600322,0
sh600323,0
sz002209,0
sz002208,0
sh600326,0
sh600327,0
sh600988,0
sz002066,0
sh600986,0
sz002202,0
sz002201,0
sh600985,0
sh600982,0
sz002206,0
sh600980,0
sh600981,0
sh600058,0
sh600059,0
sh600508,0
sh600509,0
sh600891,0
sh600050,0
sh600051,0
sh600052,0
sh600053,0
sh600506,0
sh600055,0
sh600056,0
sh600057,0
sh603039,0
sz002346,0
sh600892,0
sh601908,0
sz002347,0
sz002512,0
sh601717,0
sh601901,0
sh601900,0
sz000990,0
sh600186,0
sh600187,0
sz000737,0
sz000736,0
sh600182,0
sh600183,0
sh600180,0
sh601128,0
sh601127,0
sh601126,0
sz000739,0
sz000738,0
sh600188,0
sh600189,0
sh600501,0
sh600893,0
sz002340,0
sz002511,0
sz002341,0
sh601118,0
sh600618,0
sh600619,0
sh600616,0
sh600617,0
sh600614,0
sh600615,0
sh600612,0
sh600613,0
sh600610,0
sh600611,0
sz000599,0
sz000598,0
sh600666,0
sz000591,0
sz000590,0
sz000593,0
sz000592,0
sz000595,0
sz000594,0
sz000597,0
sz000596,0
sz000029,0
sz000028,0
sz000787,0
sh601877,0
sz000021,0
sz000780,0
sz000023,0
sz000022,0
sh601699,0
sz000024,0
sz000027,0
sz000848,0
sh600661,0
sz300109,0
sz300108,0
sz300107,0
sh603106,0
sz300105,0
sz000783,0
sz300103,0
sz300102,0
sz300101,0
sz300199,0
sh601678,0
sh601677,0
sh600991,0
sh601588,0
sh601099,0
sh600505,0
sz300033,0
sz300032,0
sz300031,0
sz300030,0
sz300037,0
sz300036,0
sz300035,0
sh600898,0
sz300039,0
sz300038,0
sh603488,0
sh600825,0
sz000956,0
sh600793,0
sh600824,0
sz300439,0
sz300327,0
sz300326,0
sz300325,0
sz300324,0
sz300323,0
sz300322,0
sh600959,0
sz300320,0
sz300329,0
sz300328,0
sh600827,0
sh601766,0
sz300438,0
sz300723,0
sz300722,0
sz300721,0
sz300577,0
sz002742,0
sz002743,0
sz300437,0
sz002741,0
sh603518,0
sh603519,0
sh600143,0
sz002287,0
sz002748,0
sh603517,0
sh601006,0
sh603638,0
sz300259,0
sz300258,0
sz002285,0
sh601939,0
sz300253,0
sz300252,0
sz300251,0
sz300250,0
sz300257,0
sz300256,0
sz300255,0
sz300254,0
sz002522,0
sh601872,0
sh600301,0
sh600996,0
sh600145,0
sz002289,0
sz300586,0
sh603636,0
sz002526,0
sz300435,0
sz300487,0
sh600908,0
sh603421,0
sh603357,0
sz002583,0
sh603355,0
sh603429,0
sh603358,0
sh603359,0
sz300434,0
sz002111,0
sz002694,0
sz002695,0
sz002696,0
sz002697,0
sz002690,0
sz002691,0
sz002692,0
sz002693,0
sz002117,0
sz002698,0
sz002699,0
sz002348,0
sz002349,0
sz300725,0
sz002115,0
sz300340,0
sh603768,0
sz002114,0
sz300648,0
sz300649,0
sz002448,0
sz300645,0
sz300646,0
sz300647,0
sz300640,0
sz300641,0
sz300642,0
sz300643,0
sz300488,0
sz300489,0
sz300482,0
sz300483,0
sz300480,0
sz300481,0
sz300486,0
sz000153,0
sz300484,0
sz300485,0
sh603226,0
sh603227,0
sh603225,0
sh603730,0
sh603223,0
sh603738,0
sh603228,0
sh603229,0
sh603738,0
sh603228,0
sh603229,0
